Patient ID,Intensity,Comfort,Race
0,0.20886269,0.28591284,Ezakiens
1,0.425578,1.1570122,Ezakiens
2,0.4791513,0.9491118,Ezakiens
3,0.15653807,0.5652981,Ezakiens
4,0.12178739,0.42139685,Ezakiens
5,0.28337538,0.81939,Ezakiens
6,0.24441038,0.66819024,Ezakiens
7,0.3060674,0.9699356,Ezakiens
8,0.47211933,1.2048216,Ezakiens
9,0.1804352,0.46343824,Ezakiens
10,0.5926143,1.4470942,Ezakiens
11,0.16586742,0.61451936,Ezakiens
12,0.24827753,0.4343001,Thadori
13,0.2941319,0.8695985,Ezakiens
14,0.33501863,0.8417932,Ezakiens
15,0.08863923,0.5354626,Ezakiens
16,0.11315629,0.28172994,Thadori
17,0.43402556,1.105209,Ezakiens
18,0.10700859,0.20296149,Thadori
19,0.27191782,0.63568693,Ezakiens
