Patient ID,Intensity,Comfort
0,0.5843205930094295,1.4604000585025205
1,0.4213000857318929,1.074864417928888
2,0.17484802335796176,0.5545723646404724
3,0.09834531499537362,0.40114919074284766
4,0.4422438706441697,1.056566617131752
5,0.6952145223597265,1.092861423854783
6,0.36002019107492644,1.0275733187971348
7,0.19557730357835862,0.7368618860140941
8,0.7277823359959813,1.2461800216337933
9,0.20570449501932367,0.61630013663386
10,0.03266021125629045,0.2743977345644679
11,0.21501811393682443,0.3628628563015403
12,0.6638626569582518,1.390651716102485
13,0.6321218164047144,1.2558914826853442
14,0.6193208108414544,1.2972132271114223
15,0.2567387635278408,0.4357134931037409
16,0.3275113156221901,0.8541927751883396
17,0.5231783651243066,1.130516386161088
18,0.4181751569339333,0.8165636588261904
19,0.38719915136201594,0.9067203506527635
20,0.03544559691208674,0.36365705605106236
21,0.33107867111118705,0.9480722065947438
22,0.19431787675512927,0.7413018178046602
23,0.6825550801893983,1.4823821093916134
24,0.16095838983683702,0.511587428975363
25,0.670778475533168,1.204348770630241
26,0.20365074098369992,0.5640168113857648
27,0.20640977988515463,0.5986427697990062
28,0.5247954543987338,1.2415598309970644
29,0.3655775404872996,1.0140291387326184
30,0.1972642454207897,0.6727714865394125
31,0.5400635242607031,1.2387525056819921
32,0.22346200364133761,0.8959975333598252
33,0.19424858207024914,0.38792410423507073
34,0.5646957773069488,1.0640849632346026
35,0.19508779552936684,0.5286956011789531
36,0.34279562372534195,0.9445091714349472
37,0.556574509440432,1.377929526520255
38,0.8388130113051853,1.175716998909177
39,0.7641187462331565,1.1073870182145908
