Patient ID,Intensity,Comfort
0,0.2942557557075258,0.8522302226901529
1,0.16511602686455853,0.5828041904458747
2,0.5290385924737037,1.2560152558881528
3,0.6326111858021215,1.2839961525992547
4,0.37266092493045455,0.8977020039192947
5,0.6249282147137414,1.4948615079363023
6,0.36215617972452313,0.879910101674128
7,0.5626171474031019,1.2864588790817952
8,0.0896458250175692,0.34570763481889316
9,0.7773130992817165,1.0729894646709355
10,0.08333657016249053,0.30688886154664496
11,0.45387611971581365,1.0713935645078208
12,0.5329949002684535,1.3161329433940543
13,0.2749211500507348,0.7613814224126615
14,0.13317299310071296,0.26248781933106524
15,0.5717001380692033,1.4106322760128251
16,0.011022289904136636,0.19448396219829334
17,0.24333856469430726,0.8252239537907198
18,0.2375278627453143,0.7439994779908942
19,0.4363835169627307,1.1670624660684346
